artist,artist_id
'Til Tuesday,1L0y9srZMyh9XUnYGv37IP
(T-T)b,36ofeSYIu5DGRarLS0GhnG
"10,000 Maniacs",0MBIKH9DjtBkv8O3nS6szj
2814,2wBpW4bAGYVe0yJcBeCTyd
311,41Q0HrwWBtuUkJc7C1Rp6K
65daysofstatic,6DVVsQAnpHdJjb1nYuOQ6g
A.C. Newman,0QldGXwclr0chJkP91RRWX
AC/DC,711MCceyCBcFnzjGY4Q7Un
ATLUS Sound Team,
Aaron Goldberg,0BTfBwYC5Mw5ezDg91JBma
Adventures,0YdXfou4dLC8zsOn85D1GL
Aisha Duo,6ggSb0QhQJsSCg2w9zpn3V
Aki Kuroda,5TMEiphJbIEqBMRWunPqv6
Alanis Morissette,6ogn9necmbUdCppmNnGOdi
Alex Chilton,7CW5MYWUsyUYiHbiTmVZHe
Alexisonfire,53RsXctnNmj9oKXvcbvzI2
Algernon Cadwallader,1BfYXNfaB5HBwHn4gxnEQE
Alice In Chains,64tNsm6TnZe2zpcMVMOoHL
Alien Ant Farm,6TZdvF1kFzwnQLgHQynzsO
Alison Krauss,5J6L7N6B4nI1M5cwa29mQG
Alison Krauss & Gillian Welch,
Alkaline Trio,1aEYCT7t18aM3VvM6y8oVR
American Football,5FwydyGVcsQllnM4xM6jw4
American Hi-Fi,4XlcLj6bxCnpBIOHmBpIWP
Amusement Parks On Fire,6l2cddhlFnBmaLiUM4TyTx
Anamanaguchi,2UwJRAgSOi1zcLkvUNc8XL
And So I Watch You From Afar,7qKMNwlACMZOUdMG3acwst
Andrew WK,4YJR4xviDKHoelt9WKHlBa
Antonio Carlos Jobim/Frank Sinatra,
Aphex Twin,6kBDZFXuLrZgHnvmPu9NsG
Apples In Stereo,5KIrQe9pb7tn8y775PsoAP
Aqualung,3uT7nEkZwWc2GBiqUZGoOe
Arcade Fire,3kjuyTCjPG1WMFCiyc5IuB
Arctic Monkeys,7Ln80lUS6He07XvHI8qqHH
Astroskeleton,3MNLrLvqseNi4Un4Xm9NVi
At The Drive-In,5E2rtn57BM2WPjwak4kGd5
Atmosphere,1GAS0rb4L8VTPvizAx2O9J
Audioslave,2ziB7fzrXBoh1HUPS6sVFn
Auto Delta Time,
BLVC SVND,1T7n9eX0vgpL6EdY1Qv5IU
Bad Religion,2yJwXpWAQOOl5XFzbCxLs9
Bag of Bones,0W0j3HWEBvzr7gpQTCEXaF
Baiyon,2ibBdk29W8yH1KPD6oZdaj
Band of Skulls,4ddt8PPvmWrI9mJQy1VrIG
Bang Camaro,7sB9Netl8x6rYTw0gs1JJ8
Barenaked Ladies,0dEvJpkqhrcn64d3oI8v79
Baths,5zS8r5hRRk1jzD41yYS1NO
Beach Fossils,1bwUhKRmEkOZ1wuTnV9XjC
"Beach Fossils, Wild Nothing",7qrJAbTxlq5Mxjb9HVRaKC
Beach House,56ZTgzPBDge0OvCGgMO3OY
Beastie Boys,03r4iKL2g2442PT9n2UKsx
Beat Culture,0BZ3BHzfYwpd3k5TDnvAz8
Beck,3vbKDsSS70ZX9D2OcvbZmS
Beirut,6pmxr66tMAePxzOLfjGNcX
Bell Rays,
Ben Folds,55tif8708yyDQlSjh3Trdu
Ben Harper,45lorWzrKLxfKlWpV7r9CN
Ben Kweller,7bhMBjjQhgPX0q9S4Ajncn
Benny Smiles,6O1kKmQt2LuXaIgt2eKl2M
Better Than Ezra,4UuoJfJ9UybJft7a8E6UHX
Big Star,3UvcmAOZt64oKpP95f6MMM
Bill Kiley,6jYO2wnv847jRUsA7dciSs
Billy Joel,6zFYqv1mOsgBRQbae3JJ9e
Blind Guardian,7jxJ25p0pPjk0MStloN6o6
Blind Melon,5sD1ZLf2dGQ9gQ3YJl1eAd
Blink-182,6FBDaR13swtiWwGhX1WQsP
Bloc Party,3MM8mtgFzaEJsqbjZBSsHJ
Blood Orange,6LEeAFiJF8OuPx747e1wxR
Blue Sky Black Death,0dU2EKM6vca3xmJ9kl8zoI
Blur,7MhMgCo0Bl0Kukl93PZbYS
Bob Acri,5LgnVUVYlM9jqiyYMgNMMB
Bob Dylan,74ASZWbe4lXaubB36ztrGX
Bon Jovi,58lV9VcRSjABbAbfWS6skp
Boston,29kkCKKGXheHuoO829FxWK
Boy Without Batteries,4VVTAEvL0K21l6WuBll09i
Brand New,168dgYui7ExaU612eooDF1
Brave Bird,1Snnn7R5RJ1U4pj6smEI6c
Brazil,03xcT10aipgYbYqusG7GWY
Bright Eyes,5o206eFLx38glA2bb4zqIU
Broken Social Scene,7lOJ7WXyopaxri0dbOiZkd
Bryan Adams,3Z02hBLubJxuFJfhacLSDc
Buffalo Springfield,3eskO5m0H4yiF64vRySBjr
Built to Spill,3kbBWco9PZ5eSQsNScwG6U
Bush,78SHxLdtysAXgywQ4vE0Oa
Butthole Surfers,62BcWP4fzR8axESibNQEhs
Buzzcocks,2DxlS3lTLFIq70S7ap5H3y
CHVRCHES,3CjlHNtplJyTf9npxaPl5w
CKY,3ZQEU2arcWXSv3oz8hwWBK
Cage The Elephant,26T3LtbuGT1Fu9m0eRq5X3
Cage the Elephant,26T3LtbuGT1Fu9m0eRq5X3
Cake,6A43Djmhbe9100UwnI7epV
Calculator,4qe7uB5dUIr7ePw8trrOdm
Candlebox,3R6c2tWDBeYB1GncjLMn9n
Capcom,3w1Q754jb31h5CXQCcnLNL
Captain Beefheart,2k8kY9zHUWxuTtwV4UutHw
Carpenter Brut,1l2oLiukA9i5jEtIyNWIEP
Castevet,2fpKK3qJU6Vf7eqzi9Q89P
Caveman the Wise,0FfH0LnJLsq94wSGrQQ2kL
Cheap Trick,1LB8qB5BPb3MHQrfkvifXU
Chevelle,56dO9zeHKuU5Gvfc2kxHNw
Childish Gambino,73sIBHcqh3Z3NyqHKZ7FOL
Chisel,6y4coSy8vZX0FnM26Z81Rk
Chris Thomas King,3azQ4yZ4Dt6hPbyNeOOMLN
Chromacle,
Chrome Sparks,2pTCZ9C1fXdaVlv6d5EIXM
Chumbawamba,0TcYeHEK9sBtv7xPbKhzHz
CiniMod,4DqTUBaxlhMwpP22DrqiAc
Circa Survive,11FY888Qctoy6YueCpFkXT
Citizen,7enBrBojgBJuPPdqTq4Z5F
Clap Your Hands Say Yeah,1jSaZgaKHmgc7VTgML528r
Coconut Records,2YKp8Odp8GGbAkVU60Yk2Y
Coconuts,6KPWnJouOHhX0ZhscJsIU1
Cold,4gzpq5DPGxSnKTe4SA8HAU
Collective Soul,4e5V1Q2dKCzbLVMQ8qbTn6
Com Truise,2wouN3QXejYa5tKetYdcVX
Corran,5RteSkbK6klz3fgMMXH7lv
Cory Johnson,7e3PreZhibIpYj3DeJNBbd
Count Basie Orchestra/Frank Sinatra,
Courtney Barnett,4OOlG5eBXSkSAAEeKjJb5Y
Creedence Clearwater Revival,3IYUhFvPQItj6xySrBmZkd
Crowded House,7ohlPA8dRBtCf92zaZCaaB
Crush 40,4gNEgDZhEu6ldAI2wWdZsL
Crush 40 & Bently Jones,
Crystal Castles,7K3zpFXBvPcvzhj7zlGJdO
Cursive,1sylmUjlKYsLA49YtkNHW3
Cymbals Eat Guitars,580mg2IiCqPs9dmDUkJj2x
DJ Dain,5XBEPk2997Lua0XGi2jACP
DJ Electrohead,07VV1YKJ4nR91b6KukksI8
Da Vinci's Notebook,4rIDY3ojaWd7Z9ky9SFc1g
Dads,2OUGTXNFUe4WwC4CWpvIal
Daft Punk,4tZwfgrHOc3mvqYlEYSvVi
Dag Unenge,3juiOjxrsYhIVhgEk904ni
Dave Mason,2DWQX92uew7DlsgN0yD775
Dave Matthews Band,2TI7qyDE0QfyOlnbtfDo7L
David Bowie,0oSGxfWSnnOXhD2fKuz2Gy
Death Cab For Cutie,0YrtvWJMgSdVrk3SfNjTbx
Death Cab for Cutie,0YrtvWJMgSdVrk3SfNjTbx
Deep Blue Something,5N5RfI8FFXk4WQ8kkjE407
Deep Purple,568ZhdwyaiCyOGJRtNYhWf
Default,4nCzT3o7lMgCWBcmdwCMsT
Depeche Mode,762310PdDnwsDxAQxzQkfX
Destroyer,22ojy4H4ZVpowC4lRRC8In
Dethklok,7u12AuhJ5AaJIgZAZe0US8
Diana Ross and the Supremes,0rXI0q8Cahq6numvPlloaq
Diarrhea Planet,7JxrbI1DZLSJUyzsrBQop2
Dick Dale & The Del-Tones,
Dido,2mpeljBig2IXLXRAFO9AAs
Dinosaur Jr.,267VY6GX5LyU5c9M85ECZQ
Dirty Pretty Things,6fHETUBbKmdmgybtFOFQuc
Dishwalla,6F3NW2aC9Sni1FH7QPSLvw
Dj Fezik,
Dollfin,2dxVF5HRhYaInwhwFgroxF
Dowsing,0VvySnLLgB17dDSn0i4LVC
Drive Like Jehu,7FbdCzKUwoZs1v9bCl43Ev
Drive-By Truckers,1rXr1ZnvbRoYBaedIl9v4v
Dropkick Murphys,7w9jdhcgHNdiPeNPUoFSlx
Dubmood,4D2G48IdJKhcdZ5c1dqp5Z
Duncan Sheik,3AO6RTDA16mg8czQI5Y9K0
Duran Duran,0lZoBs4Pzo7R89JM9lxwoT
Dynamite Hack,6jddkwDLW1TOlqdjfK4ywk
E*vax,12m4a5ljGoe6yyYPpVi7Hr
Edward Sharpe & The Magnetic Zeros,7giUHu5pv6YTZgSkxxCcgh
Eirik Suhrke,44ShdIQTBAqvSMPHozwK5J
El Huervo,2gG1LfmQPkHZNptgVpYlpr
El Huervo ft. Shelby Cinca,
El Tigr3,0Z43xNK0ZhtPW2eKi1L1OP
Elbow,0TJB3EE2efClsYIDQ8V2Jk
Electric Light Orchestra,7jefIIksOi1EazgRTfW2Pk
Electric Six,4xNadaO5ZZLVJdqDIVVIua
Elliot Berlin,3zD59DcLWzs9MiOoUt4Kya
Elton John,3PhoLpVuITZKcymswpck5b
Elvis Costello & the Attractions,4qmHkMxr6pTWh5Zo74odpH
Elvis Depressedly,5a31Ij1sTxY9LUYVwgBp8m
Emancipator,6HCnsY0Rxi3cg53xreoAIm
"Emmylou Harris, Alison Krauss & Gillian Welch",
Empire! Empire! (I Was a Lonely Estate),3IaqcRr2teHDEqhRE5emu9
Endless,3OMUJeG9bXhIQvPGoFEIG8
Erasure,0z5DFXmhT4ZNzWElsM7V89
Eve 6,4Eqd24yS5YcxI8b6Xfuwr8
Everclear,694QW15WkebjcrWgQHzRYF
Everlast,14ZxDAK6ITtZZqPdiWrvSn
Explosions In The Sky,1uQWmt1OhuHGRKmZ2ZcL6p
FIDLAR,3P6duIn7oHeiBACZfYeNud
Facelessman,
Faith No More,6GbCJZrI318Ybm8mY36Of5
Fall Out Boy,4UXqAaa6dQYAk18Lv7PEgX
Fang Island,1q9Q9kJLS8HS77bCaX86wS
Fastball,7FtVJzRtpQpU61nBwB7cKN
Fat Jon,5Fmr3KeGe2IAVFmMxUq1sD
Fiction Plane,3FJTU2gc2n20x6eGVSrdoc
Filter,01WjpKiWVNurV5hjIadB8C
Fine Young Cannibals,20p5D2KrE8CGuOjHtxsyTp
Fleetwood Mac,08GQAI4eElDnROBrJRGE0X
Flobots,0rHiOzaAbw3cCp8D7yjyig
Flock Of Seagulls,0uAjBatvB4ubpd4kCfjmNt
Florence and The Machine,1moxjboGR7GNWYIMWsRjgG
Flying Lotus,29XOeO6KIWxGthejQqn793
Foo Fighters,7jy3rLJdDQY21OgRLCZ9sD
For Everest,32A9j8L8J7YNxksAcISua0
Force of Nature,3y6EaAABBjwx6DGg2bEFrj
Form & Shape,653aZLoI2fl63i5WvLMe4U
Foster The People,7gP3bB2nilZXLfPHJhMdvc
Fountains of Wayne,1pgtr4nhBQjp9oCUBPyYWh
Frank Black,5Q8gM5SMBT2LAoZ5LzqAvH
Frank Sinatra,1Mxqyy3pSjf8kZZL4QVxS0
Free Energy,7MHvsuTLg2450NDMNafKVc
Freezepop,4gg8SEqY40Y6ygiwkcQOWD
Friendly Fires,3mZqziCJj4pq3P2VBpmK6p
Fuel,0EyuKHE1AeE9lWUF8mzKVp
Fugazi,62sC6lUEWRjbFqXpMmOk4G
Future Girlfriend,6yWRHWCfKgDfuVktb28gZB
Galaxie 500,6guTJsgPymDUVfqDJyz5UG
Garbage,6S0GHTqz5sxK5f9HtLXn9q
Garbage and Screaming Females,
Garoad,1oMOdABcJgXgiplesecR1U
Gary Numan,5KQMtyPE8DCQNUzoNqlEsE
Gatsbys American Dream,5CzTm7YPNW47IWv7qi9Zu1
General Public,6BZbe6PDrJgxiXZ3cIXA8o
Genesis,3CkvROUTQ6nRi9yQOcsB50
Gin Blossoms,6kXp61QMZFPcKMcRPqoiVj
Girl Talk,6awzBEyEEwWHOjLox1DkLr
Girlpool,3BYXi96LqI8TwNljFKE0DZ
Girls,37hAfseJWi0G3Scife12Il
Girls Against Boys,33HLOae9rhJfw6Mh0e8g5r
Gob,0c4fpXIFPFNve1CxmGgXQf
God Is an Astronaut,079svMEXkbT5nGU2kfoqO2
Golden Earring,1iTlOqIrZy8DlvCPJY2sjS
Goldfinger,7sVQKNtdP2NylxMgbNOJMM
Good Charlotte,5aYyPjAsLj7UzANzdupwnS
Gorillaz,3AA28KZvwAUcZuOKwyblJQ
Green Day,7oPftvlwr6VrsViSDV7fJY
Guided By Voices,4oV5EVJ0XFWsJKoOvdRPvl
H20,5riH5wM1PXkrW061b2OmVJ
HOME,2exebQUDoIoT0dXA8BcN1P
Habib Koité and Bamada,
Hard-Fi,14Gi3Uph96lpNB3utkoVAD
Harlem,4PWqvc4ydEyoyBhXPOxDyy
Harry McClintock,5ehQsvqbiNAVZADhzHy5JO
Hartfield,7aABQHYVkQlSkDAcjzQvhy
Haruko Komiya,
Harvard,7mN3Rz6MsJEn9tvScb3xXe
Harvey Danger,7fu6ebyL3JGXJgo5zsOo4k
Head Automatica,2cyaobEho8uxhqLxwG7j6i
Heart,0n94vC3S9c3mb2HyNAOcjg
Hellogoodbye,6GH0NzpthMGxu1mcfAkOde
Hightide Hotel,2P0PbxCHnsQCbs8npiTIlx
Hinds,4piFCokRN13muTud5Y2lhz
Hole,5SHQUMAmEK5KmuSb0aDvsn
Hootie and the Blowfish,08ct2eZF5lUPdJpHwNKWof
Hot Hot Heat,33LSz2nhC8pCPTb3pd5add
Hutch And Kathy,3ePVrNy2EtmItfOpx7W9sK
I Fight Dragons,7DBXiFez54rbGjqw1tWi5w
ILLingsworth,5eQ5JCLOQgO2qDxcUse2AW
Iggy Pop and The Stooges,4BFMTELQyWJU1SwqcXMBm3
Immaculate Machine,5sQRlXEC6HekNKn3q9NfFc
Incubus,3YcBF2ttyueytpXtEzn1Za
Interpol,3WaJSfKnzc65VDgmj2zU8B
Into It. Over It.,1ecdmsD235x2zHCKfdL3cF
Invalids,1RdlYzlj42Mq7tO5y1o4Cz
Iwasaki Taku,4E0I7rDFoLnOLb76hcdJ0v
Izzy True,0E4xe4M7nuhfXOt2HBURFN
J. Cole,6l3HvQ5sa6mXTsMTB19rO5
Jackson Browne,5lkiCO9UQ8B23dZ1o0UV4m
Jakob Dylan,2b3drQxjyrPpJEef3mNGwc
James Carter & The Prisoners,
Jamiroquai,6J7biCazzYhU3gM9j1wfid
Jane's Addiction,02NfyD6AlLA12crYzw5YcR
Japandroids,2WcCoPxAWFNSCvsFPrpf30
Jason Mraz,4phGZZrJZRo4ElhRtViYdl
Jasper Byrne,17Wd82KjqIlUxj3LZZ1U0C
Jawbox,0Fj0cWPHOpexJCZRdSHioP
Jefferson Airplane,2qFr8w5sWUITRlzZ9kZotF
Jesus Jones,0roeI3yPusDWwWRzAqTopw
Jethro Tull,6w6z8m4WXX7Tub4Rb6Lu7R
Jimmy Eat World,3Ayl7mCk0nScecqOzvNp6s
Joan Of Arc,6U9PwS3WsiKBVewf7wtwIZ
Joan of Arc,6U9PwS3WsiKBVewf7wtwIZ
Joe Dassin,64LCTpIu9Iji2EPaxxPpxF
Joe Strummer & The Mescaleros,2j0a6SKKTAXaaNWU3pl86d
John Hartford,0NAr5zThPfMx26ISgooQK6
Journey,0rvjqX7ttXeg3mTy8Xscbt
Joy Division,432R46LaYsJZV2Gmc4jUV5
Joyce Manor,7qbvNcfTfckhCNM8NiR8nN
Jun Senoue,04jFPnV89o5zz9qix9wAVZ
Justin Stander,0P8lQGYR8DfcZZD4sIwYby
Jónsi,3khg8RDB6nMuw34w1IHS6Y
Kaiser Chiefs,0LbLWjaweRbO4FDKYlbfNt
Kanye West,5K4W6rqBFWDnAN6FQUkS6x
Kara's Walk Home,28qhJvyM80UtYjRsJ7Rq30
Karen O and the Kids,
Karsh Kale,5KNQvpxpsSUsL8Mon7SjYn
Keigo Hoashi,6etnlXYPJeICat7OqRHCV7
Keigo Hoashi & Kakeru Ishihama,
Keigo Hoashi & Keiichi Okabe,
Keiichi Okabe,337qoZEXlR0f7dRKDItg3T
Keiichi Okabe & Emi Evans,
Keiichi Okabe & J'Nique Nicole,
Keiichi Okabe & Keigo Hoashi,
Keiichi Okabe & Marina Kawano,
Keiichi Okabe & YoRHa,
Keiko Utoku,522EjqfzfK5u58yKNNGFN2
Kelly Clarkson,3BmGtnKgCSGYIUhmivXKWX
Kenichi Tokoi,1Y73QxsnDJIhoyNZoB9B9L
Kero Kero Bonito,6OqhFYFJDnBBHas02HopPT
Kid Cudi,0fA0VVWsXO9YnASrzqfmYu
King Krule,4wyNyxs74Ux8UIDopNjIai
Kinks,1SQRv42e4PjEYfPhS0Tk9E
Kittyhawk,4BruyirCQvTlKJqacXO0bl
Klaxons,2qlAMLpUyBjZgnzuFXXZXI
Kommisar,2MBPN5bL4Dgon5nQZlQNY2
Krewella,0Cd6nHYwecCNM1sVEXKlYr
Kris Davis,2AFYG90qx36vqWXgGxhFWY
Kuniyuki Takahashi,53JsFUDYcN2jw6v1nF7Z82
Kuniyuki Takahashi & Kakeru Ishihama,
Kuniyuki Takahashi & Keiichi Okabe,
L-vis 1990,3Av5YRDWBegMumHlMOIa91
La Dispute,7lQKE6HaKQcCsgLRMhsh5W
Laura Shigihara,2RnGA202UcoKq6KjzQCbNR
Led Zeppelin,36QJpDe2go2KgaRleHCDTp
Letting Up Despite Great Faults,0xTjrY68V2oc6mOUKXBvv8
Life Companions,
Light Club,0BTBDQqebrX91VYR7tn0d8
Lightspeed Champion,0Kznf00rXvzkXOoAobg59I
Linda Ronstadt,1sXbwvCQLGZnaH0Jp2HTVc
Linkin Park,6XyY86QOPPrYVGvF9ch6wz
Lions,6fcTRFpz0yH79qSKfof7lp
LipPi Sound,
Lit,5mgr0FFpvy267wKVAYg8qp
Literature,6xcmv5tyBSILlWarSNbemC
Little Boots,0MoXIHcFwhIWnFgBfdvQ30
Live,3SgHzT552wy2W8pNLaLk24
Local H,415JrPfN7ukaTu8JV8BLE8
Long Knives,1UUMFqnrwbG8kG8019fmVd
Lotus Plaza,4o1mf6VhPYeSoQkMcfB0HG
Louis Leerink,
Lower Definition,1tTDgYGfcL19c6MiP3tPue
Lowercase Noises,7trvyUUXmPhi1StCNYHj4e
Luciana Souza/Romero Lubambo,
Lucky Boys Confusion,2HMtMLKEIOoamQysJlFP7i
LudoWic,4iH5e8eV3hGNCzhFwr1cND
Lush,5oAjLXTvB7VDWn3Up9LYcQ
Lyn,1A6WCseWiK22oxqodg7vcy
M.I.A.,0QJIPDAEDILuo8AIq3pMuU
M.O.O.N.,32WVWWnT6WgHhbCaJI9gjW
M83,63MQldklfxkjYDoUE4Tppz
MACINTOSH PLUS,5Cbbkc6PaWpseWAAp1qU5a
MGMT,0SwO7SWeDHJijQ3XNS7xEE
MINMI,151w10AZKmL4a6iPwgxap3
MINMI & Nujabes,
Madonna,6tbjWDEIzxoDsBA1FuhfPW
Magic Sword,6PzFRXjgGHQw6K4WeERMK1
Magna,70Dq7XQ95jLPUfMoVbcnuS
Mago de Oz,5ZNxiPcbKgaNcBrERMpqeu
Maps & Atlases,572aBw8LAuVMk47tfozZZr
Massive Attack,6FXMGgJwohJLUSr5nVlf9X
Matchbox Twenty,3Ngh2zDBRPEriyxQDAMKd1
Matthew Sweet,2idymNTKUdnTxforkb12Mw
Mattias Häggström Gerdt,0d49j7qYmyAq0Nr7NxYnbF
"Mattias Häggström Gerdt, Deia Vengen",
"Mattias Häggström Gerdt, Jillian Aversa",
MegaDrive,2mNIwbBAaygwy0J30XThFL
Melt Channel,6Sjp3fahBsJCr4OaD41Gnc
Michael Andrews,0RkqytrwoGyXGvDiZwT6i2
Michael Jackson,3fMbdgg4jU18AjLCKBhRSm
Minor Threat,07PiZYrhllpSXtELkUxlrf
Minus the Bear,0YQBN02bmZvwGNrrWsg2sT
Misfits,1cXi8ALPQCBHZbf0EgP4Ey
Mitch Murder,7eOzCiTklgHxfpf6Mb3D2e
Moby,3OsRAKCvk37zwYcnzRf5XF
Modern Baseball,1HxXNvsraqrsgfmju1yKk8
Modern English,0fYPQBOx0vsRMmjUba9HgF
Modest Mouse,1yAwtBaoHLEDWAnWR87hBT
Modulogeek,2RyiIrZgrgCkayM7H9d8sr
Moneybrother,6O6kWwVAL4xK4G8SBcsNJR
Monorisick,
Motion City Soundtrack,19zqV9DV3txjMUjHvltl2D
Mr. Scruff,2B0PgHZi2zaDqjKe86Gaip
Mumford & Sons,3gd8FJtBJtkRxdfbTu19U2
Muse,12Chz98pHFMPJEknJQMWvI
Mute Math,
Mutiny On The Bounty,02k39cTG2ZzfOpBT51o2sV
My Bloody Valentine,3G3Gdm0ZRAOxLrbyjfhii5
M|O|O|N,0M2HHtY3OOQzIZxrHkbJLT
NESkimos,46w2I4EFfWtZPrD5kdhR3l
NOFX,4S2yOnmsWW97dT87yVoaSZ
Nada Surf,11zHPjHnZN0ACA50rSnTcy
Naoto Shibata PROJECT,
Neko Case,4Cedjq5BQL3MhapRvDpFED
Neko Case & Her Boyfriends,1SlIeJl2CmEUEjq6lGFa3d
Nekochan,5jSdj8vhkiCCK7ZPXVrvYw
Nena,6Tz0QRoe083BcOo2YbG9lV
Neutral Milk Hotel,2ooIqOf4X2uz4mMptXCtie
New Order,0yNLKJebCb8Aueb54LYya3
New Radicals,0Grjlu7ncIuCaSYvCs9fcd
Nicolaus Esterhazy Sinfonia,4F35SEDIS2NLiCp7CNLQ5z
Nine Days,306JHpIRGVaQd6OltnOzUO
Nine Inch Nails,0X380XXQSNBYuleKzav5UO
Nirvana,6olE6TJLqED3rqDCT0FyPh
No Doubt,0cQbJU1aAzvbEmTuljWLlF
Nobuo Uematsu,3V79CTgRnsDdJSTqKitROv
Norman Blake,5kA86jQnoaPaM57DUsQOWG
Nosaj Thing,0IVapwlnM3dEOiMsHXsghT
Nounverber,1H2qdpPSyEmxUwqoaqRgzj
Nujabes,3Rq3YOF9YG9YfCWD4D56RZ
Nujabes & Shing02,
O.A.R.,1Cq0LAHFfvUTBEtMPXUidI
Oasis,2DaxqgrOhkeH0fpeiQq2f4
Okkervil River,5E7zSu46SqTmgKqsc0tFkY
Old Future Fox Gang,
Original Broadway Cast,3UUJfRbrA2nTbcg4i0MOwu
Original London Cast,7EzZtsaDuv0EecScnO7wrh
Original Soundtrack,3huVQoEWdqUTvlYpFVUHcF
Outrageous Cherry,3qkqPMTDQWqyZTz7a9ldnT
OverCoat,0yjEkFeqsxiZWActa7q4RE
PANDAstar,04aNwgGY31C2mEDPrNa2Ct
PERTURBATOR,244uLu9lkdw39BJwlul3k8
Paladin Shield,08ikAef17T8P3gHOLKu6Az
Papa Roach,4RddZ3iHvSpGV4dvATac9X
Pase Rock,7DziQHfQYLS6Iv018KLOVo
Passion Pit,7gjAu1qr5C2grXeQFFOGeh
Pavement,3inCNiUr4R6XQ3W43s9Aqi
Pearl Jam,1w5Kfo2jwwIPruYS2UWh56
Pennywise,6i0KVTOvm96T55mbp742ks
Perfect Confusion,55rBZNMHfjE7vNhEQIJnID
Perfect Pussy,1xvC1JOx3XYXNk2WqfFLxC
Perturbator,244uLu9lkdw39BJwlul3k8
Petriform,5YZ9s5H2EcGEFydKYl2xFT
Phantom Planet,0LsTFjEB1IIrh7IlTxs1GY
Phil Collins,4lxfqrEsLX6N1N4OCSkILp
Phoenix,1xU878Z1QtBldR7ru9owdU
Pity Sex,7zYojeiCfuseHGA4IJ8qSk
Pixies,6zvul52xwTWzilBZl6BUbT
Please Lose Battle,5skXyknLB1AOFgDw8ZwNyn
Plumtree,34barrxpXhXrFSJXWKogMO
Porcupine Tree,5NXHXK6hOCotCF8lvGM1I0
Prawn,29yppqr48ptt5PmMQvawXs
Presidents of the United States of America,1lZvg4fNAqHoj6I9N8naBM
Pretty Lights,4iVhFmG8YCCEHANGeUUS9q
Prophecy,2nm9YKNgSfq2SRWqBjdFQA
Puddle Of Mudd,3dXaa6jwM7B52GZpaJEIr5
Purity Ring,1TtJ8j22Roc24e2Jx3OcU4
Queen,1dfeR4HaWDbWqFHLkxsg1d
Queens Of The Stone Age,4pejUc4iciQfgdX6OKulQn
Queens of the Stone Age,4pejUc4iciQfgdX6OKulQn
Quinn Fox,
R.E.M.,4KWTAlx2RvbpseOGMEmROg
REO Speedwagon,55vs7NT1KxcFjbMC4y202E
REVO,4PkpUImsuo0fHQg1ou2AMh
Ra Ra Riot,6FIrstf3kHEg3zBOyLpvxD
Radiohead,4Z8W4fKeB5YxbusRsdQVPb
Rage Against The Machine,2d0hyoQ5ynDBnkvAbJKORj
Rage Against the Machine,2d0hyoQ5ynDBnkvAbJKORj
Ralph Stanley,4fMhmL6pvw61o0C1z8Bdib
Ramones,1co4F2pPNH8JjTutZkmgSm
Rancid,6xTk3EK5T9UzudENVvu9YB
Ratatat,57dN52uHvrHOxijzpIgu3E
Real Estate,41SQP16hv1TioVYqdckmxT
Red Hot Chili Peppers,0L8ExT028jH3ddEcZwqJJ5
Remy Zero,2pZCKLhbrrDD4PwEzrDig3
Reverend Horton Heat,4byZW0sEv5RUoyQBfv7CPw
Rexy,1dltH13STs72NOVycFeamM
Richard Stoltzman/Slovak Radio Symphony Orchestra,
Riddarna,4GjUPOhTJnoDyaWOKm9QuW
Rise Against,6Wr3hh341P84m3EI8qdn9O
Rites of Spring,1FIzwiROYEiAdCClC6Kvly
Rod Stewart,2y8Jo9CKhJvtfeKOsYzRdT
Rozwell Kid,3g43Z25cVRJHFn8ph8cdO0
Rush,2Hkut4rAAyrQxRdof7FVJq
RushJet1,2SWZCzMaY9qey6aaWfiqkF
Rx Bandits,47bGK00zHXcGlUWfrE0dvi
Ryuei Kotoge,2MktZSZPwIgkPcBa8ZZRzH
SAINT PEPSI,3b014NFgLGBMV2q0sGyFQM
SLIME GIRLS,16iBr8TYdeNxgwmuS6v3bL
SYNCHRONICITY,71G000xDLjgdgalKSzLLK0
Sambomaster,5ydDSP9qSxEOlHWnpbblFB
Savage Garden,3NRFinRTEqUCfaTTZmk8ek
Say Anything,3ImqpXKKgkH5VydfgX1hd4
Scala,7JdPe4gzrYmbcko3FTav57
Scattle,31tVXduq7FmEznjanEBQJA
Screaming Females,3pZ666b6CyO1KGpVYirY0t
Sean Evans,0UXTzQmNSF4wvhu8aLrd2R
Seiji Honda,
Senpai,038IsvSAMc7bYGfp5vxHxw
Shadrew,0tmOJPmQlO7IzpL0gPGmMM
Shady Nasty,5fEdUhbIAf9JlPhlc3swPx
Shag,0SJxTOELZJa2Cf19TjNEfm
Shaimus,7Lqoxwx5Jfigj3xUHMDQ8x
Shing02,0FB6beTn4vescDdnHeCUm9
Shinko Ogata,
Shoji Meguro,6ssIZE2zSXsIOTs1mh8ePq
Sigur Rós,6UUrUCIZtQeOf8tC0WuzRy
Silversun Pickups,6qyi8X6MdP1lu6B1K6yh3h
Sinai Vessel,5xNgzkAJDvyuU84bkv2e2V
Sjellos,204EQ77ZmGABN9gjYWsd2J
Skybox,7CMd7ViWMS0KxVCZdN3iDN
Sleepercar,
Slime Girls,16iBr8TYdeNxgwmuS6v3bL
Slingshot Dakota,22z35Pg6hVKGm3pn84nyHU
Smash Mouth,2iEvnFsWxR0Syqu2JNopAd
Smashing Pumpkins,40Yq4vzPs9VNUrIBG5Jr2i
Smith Westerns,3yEqgEvatASNm30zZR3ZHl
Snowing,7swQ7gmKDlIOsnl0bdnaXn
Social Distortion,16nn7kCHPWIB6uK09GQCNI
Soft Cell,6aq8T2RcspxVOGgMrTzjWc
Sonic R,5D0EpGSrGmfGPlk8aOAqEj
Sonic Riders,0oDb8TEtxsz5EG1aXGQ1ds
Sonic X,7jWow7t3Md9ojX2YCyi5DX
Sonic Youth,5UqTO8smerMvxHYA5xsXb6
Sorority Noise,7jXQfCP0xRnnind08ie0zT
Soul Assylum,
Soul Coughing,5TOosZsVbwb5O1BOFdcLmw
Soundgarden,5xUf6j4upBrXZPg6AI4MRK
Sparta,2yHxc12dEUiLXNeqUadxBh
Speedy Ortiz,6YHfq8Pg3lZPo1u0PaQ8ob
Spin Doctors,2PSiyldxmJze7xiqbz658m
Spoon,0K1q0nXQ8is36PzOKAMbNe
Spose,3tM6SwRysCaIK0kW4h0mVP
Star Fucking Hipsters,0ZyPhNogYtuJGK8ZdYQpQG
Steve Burns,53aiWBnxk5g6rNjG1dhA00
Steve Miller Band,6QtGlUje9TIkLrgPZrESuk
Steve Perry,5xQKoGD7Ql92fWd1uWwKkf
Steve Winwood,5gxynDEKwNDgxGJmJjZyte
StewRat,1whBDD52kwsceYUp97YF7q
Stone Temple Pilots,2UazAtjfzqBF0Nho2awK4z
Strange Talk,0trBqRcZ4lXqh8FERL5ZMa
Stroke 9,6Nwc4urCR2Qdx302j2XIlv
Sublime,0EdvGhlC1FkGItLOWQzG4J
Sufjan Stevens,4MXUO7sVCaFgFjoTI5ox5c
Sugar Ray,4uN3DsfENc7dp0OLO0FEIb
Sugar Ray Feat. Nick Hexum,
Sum 41,0qT79UgT5tY4yudH9VfsdT
Sun Araw,0A8iR5hxyyISL6XMkMhpRn
Sunny Day Real Estate,2lZkXWxkZsZzBocxMjN1or
Super Mash Bros.,2bXcj0F0inj8vgmUb303i6
Superchunk,7lmde7T1WJPFwv1eR6melP
Surfer Blood,0IlQRCafsMrd0QkTRBU6n0
Surfin' S.R.A Remix,
Swan Lake,39DD6k6CJBRV8FjAMcrV5u
Sweet Valley,0Rh2F37PiLjhYaERywNulu
Swimful Buterfly,
TV On The Radio,3HJIB8sYPyxrFGuwvKXSLR
TV on the Radio,3HJIB8sYPyxrFGuwvKXSLR
Tackle,4hwCoTBEEdt6ZmjvNmWSV0
Taking Back Sunday,24XtlMhEMNdi822vi0MhY1
Tame Impala,5INjqkS1o8h1imAzPqGZBb
Team Teamwork,
Tears For Fears,4bthk9UfsYUYdcFyqxmSUU
Ted Leo and the Pharmacists,5hbH3dvtk49g07qpc1QwPe
Ted Poley & Jun Senoue,
Teen Daze,2GE6MAdyGzeXpY9TwIYd3l
Teen Suicide,2cAvReLDmjFQtCJFDJbHBU
Teenage Cool Kids,5aNLw2ucGnQWnEpqYqxaAk
Teenage Riot,1EMlPfrse4I1I1hA3iwhk9
Temple Of The Dog,0iHb0mCbqZTYeb4y9Pirrd
Tennis,1ybAN3utgdoUL1MUCtH4QM
The 5.6.7.8's,5MZqcO35TJh5QXaFmvXmUy
The Adventures Of Duane & BrandO,73Q3Xyt6q3gcTZGC8aNzWz
The Adventures of Duane & BrandO,73Q3Xyt6q3gcTZGC8aNzWz
The All-American Rejects,3vAaWhdBR38Q02ohXqaNHT
The Allman Brothers Band,4wQ3PyMz3WwJGI5uEqHUVR
The Aquabats,0WgiEOrXlaXJGHKhkd9s4s
The Ataris,3LC8PXXgk7YtAIobtjSdNi
The Avalanches,3C8RpaI3Go0yFF9whvKoED
The Beach Boys,3oDbviiivRWhXwIE8hxkVV
The Beatles,3WrFJ7ztbogyGnTHbHJFl2
The Black Angels,0VNWuGf8SMVU2AerpdhMbP
The Black Mages,
The Bravery,2bcrMsFlF632EQ6VZERWFu
The Breeders,1xgFexIwrf2QjbU0buCNnp
The Cardboard Swords,3gOeOm5BGovGGF64kM98LP
The Cars,6DCIj8jNaNpBz8e5oKFPtp
The Church,2ZfogSsOWP4mVfEqfpLXCt
The Clash,3RGLhK1IP9jnYFH4BRFJBS
The Connect Four Orchestra,
The Cox Family,5fu3Po5z59bTfUgbcaE0ay
The Cranberries,7t0rwkOPGlDPEhaOcVtOt9
The Cure,7bu3H8JO7d0UbMoVzbo70s
The Dear Hunter,51lE580QM13Anmb3mK2j1e
The Decemberists,7ITd48RbLVpUfheE7B86o2
The Depreciation Guild,3Hg2a04c1Z2I3wKX32hLGU
The Dismemberment Plan,
The English Beat,1eVEVL20zNLcGrPDOR691N
The Fairfield Four,2QbOmHGXuu6YicESTiz3ck
The Fall of Troy,5fuQrhMRYMtoO9uOlFad4P
The Fire Theft,7CVHpcuVERzqAJcP2ddoFy
The Flaming Lips,16eRpMNXSQ15wuJoeqguaB
The Flatlanders,12be6Vj2WgNyx4x6vuGvhy
The Format,3ZJC8cLts8Q8s8JbNJKsLf
The Fratellis,3M4ThdJR28z9eSMcQHAZ5G
The Future Heads,
The Get Up Kids,54Bjxn26WsjfslQbNVtSCm
The Goo Goo Dolls,2sil8z5kiy4r76CRTXxBCA
"The Good, The Bad & The Queen",6iy8nrBbtL57i4eUttHTww
The Green Kingdom,4EOmRRSrO3mMPt9W4knkJO
The Head and the Heart,0n94vC3S9c3mb2HyNAOcjg
The Hives,4DToQR3aKrHQSSRzSz8Nzt
The Horrors,7EFB09NxZrMi9pGlOnuBpd
The J. Geils Band,69Mj3u4FTUrpyeGNSIaU6F
The Jackson 5,2iE18Oxc8YSumAU232n4rW
The Jacksons,2yrbLiuBmc9j81lTX3XUuI
The Jam,2P560DaOMNDUACoH8ZhOCR
The Jesus and Mary Chain,4rjlerN21ygkIhmUv55irs
The Kevin Gnartinez Band,
The Killers,0C0XlULifJtAgn6ZNCW2eu
The Living End,3ExT45ORJ8pT516HRZbr7G
The Long Winters,6zdwVjGPgGGZ7W5oBcisP2
The Mars Volta,75U40yZLLPglFgXbDVnmVs
The Meatmen,2Pu7FTzx1loEs7y6EWLljQ
The Mighty Mighty Bosstones,5uYXMC13cIUulobh204QuK
The Naked And Famous,0oeUpvxWsC8bWS6SnpU8b9
The New Pornographers,4mO4aGO6u29UyR6XLZR9XW
The Offspring,5LfGQac0EIXyAN8aUwmNAQ
The Pains Of Being Pure At Heart,3zmmBJseZelpVEHj8S6Dek
The Partridge Family,7u1mqP3ykglpCB2c1p1p5I
The Peasall Sisters,683lE3PgdanngWCkm4za5n
The Pillows,6ilYV5oF8whllOnm4VZlYR
The Pillows & Ben Kweller,
The Posies,5ZOh5D4MKLhU3GekPzNFam
The Protomen,2rVDi66o7gdeUq1OHUzM0W
The Receiving End Of Sirens,57fbnHozNJMl16yNzt4agV
The Replacements,4WPY0N74T3KUja57xMQTZ3
The Rolling Stones,22bE4uQ6baNwSHPVcDxLCe
The Shins,4LG4Bs1Gadht7TCrMytQUO
The Silent Comedy,4s7QvzBMTW4BKWI5pVO2mY
The Smithereens,06KgaEpSluofkcChSo7TNr
The Smiths,3yY2gUcIsjMr8hjo51PoJ8
The So So Glos,3WrUzXz7uxtNFZuapRMhiP
The Soggy Bottom Boys,3T0CG1MKkAu9rxA2ezgyLC
The Stanley Brothers,0qqGnmHBX2yVvCITRAvuRD
The Strokes,0epOFNiUfyON9EYx7Tpr6V
The Thermals,4qAJ54O4V0W8SQcSz0bl1C
The Used,55VydwMyCuGcavwPuhutPL
The Vapors,4K3NWDwBIxgktui14SccR2
The Verve,2cGwlqi3k18jFpUyTrsR84
The Verve Pipe,242iqFnwNhlidVBMI9GYKp
The Von Bondies,5QPNEMldc8k1g5hT54PCWg
The Wallflowers,0jJNGWrpjGIHUdTTJiIYeB
The White Stripes,4F84IBURUo98rz4r61KF70
The Whites,75d2SGqtUsggybmf1BlbPd
The Who,67ea9eGLXYMsO2eYQRui3w
The World is a Beautiful Place & I am No Longer Afraid to Die,5bCNJ1ICzdnzK0yoCIP2Ip
The World is a Beautiful Place & I am no Longer Afraid to Die,5bCNJ1ICzdnzK0yoCIP2Ip
The Zombies,2jgPkn6LuUazBoBk6vvjh5
Them Crooked Vultures,4zYQWYmtimAEmI6WWEzGfO
These Walls Are Oceans,
Third Eye Blind,6TcnmlCSxihzWOQJ8k0rNS
This Mortal Coil,5OK8j1JnhoBlivN32G7yOO
This Town Needs Guns,5TUa95aB5Vu2CzwCnZd6t0
Tigers Jaw,0tLaqkKW7K6tc3QF9SM0M8
Tilly & The Wall,2dsXb3lvdajcCHgWZS4vxr
Tilly & the Wall,2dsXb3lvdajcCHgWZS4vxr
Tiny Moving Parts,5rJVTTK0ucAxQhkUc0nXbH
Tir Asleen,13hFZVKpBXWTP1nV9CdFlH
Titus Andronicus,5lJ4XQ2hlPlxACN7q3xKL1
Toad The Wet Sprocket,4j7EVY3kuDwLPfD2jfC7LC
Toad the Wet Sprocket,4j7EVY3kuDwLPfD2jfC7LC
Toadies,2QMMktUMtwMSwUZATX1cRO
Toby Fox,57DlMWmbVIf2ssJ8QBpBau
Todd Rundgren,0Lpr5wXzWLtDWm1SjNbpPb
Todd Rundgren & Bobby Womack,
Todd Rundgren & Utopia,
Toe,47yRnoOUz46ZKr9W3mKn5Z
Tonic,6qXwLwTLdA44HYsA26vaNU
Tracy Chapman,7oPgCQqMMXEXrNau5vxYZP
Train,3FUY2gzHeIiaesXtOAdB7A
"Tunç Çakır, LudoWic",
U.S. Bombs,2yu3SWTzbVW04uIxegRzkP
U2,51Blml2LZPmy7TTiAg47vQ
Utada Hikaru,7lbSsjYACZHn1MSDXPxNF2
Uyama Hiroto,6AE5XsUcbWE2XrQccVVJyd
Vampire Weekend,5BvJzeQpmsdsFp4HGUYUEx
Van Morrison,44NX2ffIYHr6D4n7RaZF7A
Various,55GxwgjpoIuWz7TCMD5Xns
Various Artists,4vNhOl5osBeaXUSu0dnuzq
Vaughn,0wIb0PhwT3disoWykRhq6V
Vertical Horizon,6Hizgjo92FnMp8wGaRUNTn
Vestron Vulture,0TdyFEXGty3cRKFCI1CJPr
Vic Chesnutt,7EFfGZiKL1Ud3cspnlMq4H
Violent Femmes,0rpMdBzQXf7aYRnu5fDBJy
"Volcano, I'm Still Excited!!",3adPbPFVgA8WK2Vubloof5
Walküre; Freyja Δ Suzuki Minori; Mikumo Δ JUNNA; Kaname Δ Yasuno Kiyono; Reina Δ Touyama Nao; Makina Δ Nishida Nozomi,
Walküre; Kaname Δ Yasuno Kiyono; Reina Δ Touyama Nao; Makina Δ Nishida Nozomi,
Walküre; Makina Δ Nishida Nozomi; Freyja Δ Suzuki Minori; Kaname Δ Yasuno Kiyono; Reina Δ Touyama Nao,
Walküre; Mikumo Δ JUNNA; Freyja Δ Suzuki Minori,
Walküre; Mikumo Δ JUNNA; Freyja Δ Suzuki Minori; Kaname Δ Yasuno Kiyono; Reina Δ Touyama Nao; Makina Δ Nishida Nozomi,
Walküre; Mikumo Δ JUNNA; Kaname Δ Yasuno Kiyono; Reina Δ Touyama Nao; Makina Δ Nishida Nozomi,
Walküre; Reina Δ Touyama Nao; Mikumo Δ JUNNA; Freyja Δ Suzuki Minori; Kaname Δ Yasuno Kiyono; Makina Δ Nishida Nozomi,
Warren Franklin,5ub2IP1YottOMHKb6ECb8b
Wavves,6bUJpbekaIlq2fT5FMV2mQ
We Were Promised Jetpacks.,3gnrmLahFhVXRI9DA1MImH
We'll Die Smiling,7adFvcQrcrZOA7fcy1oUiR
Weezer,3jOstUTkEu2JkjvRdBA5Gu
White Rabbits,2t5yZKDT7oAMkOFkoToViO
White Town,1MPcILKoMCJym9KscdYxuM
Wilco,2QoU3awHVdcHS8LrZEKvSM
Wild Ones,0W0kuKgO5dLKxBOZUU2erM
Wolf Parade,0XSqX2PB3C5dTMv7SZaxSm
XTC,2qT62DYO8Ajb276vUJmvhz
XXYYXX,1iqXhsjGeWi2Gje5q0mFYb
YUNG BAE,30FDJPN3RtwJZ20g5YGCRX
Yeah Yeah Yeahs,3TNt4aUIxgfy9aoaft5Jj2
Yuck,6l3BRLCpzfC8yxqf9thWAg
Zebrahead,6SiyKSeJo6gcsS2NvuAbsl
astroskeleton,3MNLrLvqseNi4Un4Xm9NVi
bansheebeat,0rpliexIQVx1nIe1amzuOC
boy crush,4zQsgAGPkK9qEL7sPNjLBv
casio dad,0MzjcFfloc89IeOqr5EsTK
clover & sealife,0UCPXLqtaVJXXP0jErYuuv
courtney barnett,4OOlG5eBXSkSAAEeKjJb5Y
fat jon,5Fmr3KeGe2IAVFmMxUq1sD
flap+frog,
fthrsn,
fun.,5nCi3BB41mBaMH9gfr6Su0
fusq,0q0K0FV5t8OnVpbIQTXOhI
htrspltn,0m23nVJwxdu3ukCqXvAqRJ
iamthekidyouknowwhatimean,0H7Yagyg2p919OieNU4vQQ
k-wix,
kanon_kid,
mewithoutYou,3D4qYDvoPn5cQxtBm4oseo
my bloody valentine,3G3Gdm0ZRAOxLrbyjfhii5
oso oso,63GTn25wbdRNX3ijCHvYxD
shanebro,
sinowBeat,
slow warm death,3wG68jumVtBpXgTrrtXE2W
snacs,
toby fox,57DlMWmbVIf2ssJ8QBpBau
toe,47yRnoOUz46ZKr9W3mKn5Z
tomppabeats,0Q2Tc5yZFJpumLMc7Yz4e4
tumult,7EVIOZxpO91C342b292tz0
スーパーセックス永遠にSUPERSEX420,
フェーディングfault.,
フレイアΔ鈴木みのり,
マクロスMACROSS 82-99,
ワルキューレ,
ワルキューレ with Claire,
原子邦妮,3PTsVPijj4pjIol9yML0rK
平田志穂子,
忍,2mmv8uCKFZO1r7zcEJe1lp
植松伸夫,3V79CTgRnsDdJSTqKitROv
目黒将司,
美雲ΔJUNNA,
美雲ΔJUNNA、カナメΔ安野希世乃、レイナΔ東山奈央、マキナΔ西田望見（from ワルキューレ）,
